Workbook

Sheet Main Sheet
A1: Team Name | B1: Batting | E1: Bowling | H1: Fielding | K1: Grand Total
B2: Judge 1 | C2: Judge 2 | D2: Judge 3 | E2: Judge 1 | F2: Judge 2 | G2: Judge 3 | H2: Judge 1 | I2: Judge 2 | J2: Judge 3
A3: RCB | B3: =VLOOKUP(A3,'J1'!A2:D12,2,FALSE) -> 8 | C3: =VLOOKUP(A3,'J2'!A2:D12,2,FALSE) -> 8 | D3: =VLOOKUP(A3,'J3'!A2:D12,2,FALSE) -> 8 | E3: =VLOOKUP(A3,'J1'!A2:D12,3,FALSE) -> 7 | F3: =VLOOKUP(A3,'J2'!A2:D12,3,FALSE) -> 9 | G3: =VLOOKUP(A3,'J3'!A3:D12,3,FALSE) -> 8 | H3: =VLOOKUP(A3,'J1'!A2:D12,4,FALSE) -> 10 | I3: =VLOOKUP(A3,'J2'!A2:D12,4,FALSE) -> 5 | J3: =VLOOKUP(A3,'J3'!A2:D12,4,FALSE) -> 8 | K3: =SUM(B3:J3) -> 71
A4: PBKS | B4: =VLOOKUP(A4,'J1'!A3:D13,2,FALSE) -> 9 | C4: =VLOOKUP(A4,'J2'!A3:D13,2,FALSE) -> 5 | D4: =VLOOKUP(A4,'J3'!A3:D13,2,FALSE) -> 5 | E4: =VLOOKUP(A4,'J1'!A3:D13,3,FALSE) -> 8 | F4: =VLOOKUP(A4,'J2'!A3:D13,3,FALSE) -> 2 | G4: =VLOOKUP(A4,'J3'!A4:D13,3,FALSE) -> 7 | H4: =VLOOKUP(A4,'J1'!A3:D13,4,FALSE) -> 5 | I4: =VLOOKUP(A4,'J2'!A3:D13,4,FALSE) -> 7 | J4: =VLOOKUP(A4,'J3'!A3:D13,4,FALSE) -> 7 | K4: =SUM(B4:J4) -> 55
A5: CSK | B5: =VLOOKUP(A5,'J1'!A4:D14,2,FALSE) -> 10 | C5: =VLOOKUP(A5,'J2'!A4:D14,2,FALSE) -> 3 | D5: =VLOOKUP(A5,'J3'!A4:D14,2,FALSE) -> 9 | E5: =VLOOKUP(A5,'J1'!A4:D14,3,FALSE) -> 4 | F5: =VLOOKUP(A5,'J2'!A4:D14,3,FALSE) -> 4 | G5: =VLOOKUP(A5,'J3'!A5:D14,3,FALSE) -> 8 | H5: =VLOOKUP(A5,'J1'!A4:D14,4,FALSE) -> 9 | I5: =VLOOKUP(A5,'J2'!A4:D14,4,FALSE) -> 9 | J5: =VLOOKUP(A5,'J3'!A4:D14,4,FALSE) -> 5 | K5: =SUM(B5:J5) -> 61
A6: SRH | B6: =VLOOKUP(A6,'J1'!A5:D15,2,FALSE) -> 10 | C6: =VLOOKUP(A6,'J2'!A5:D15,2,FALSE) -> 4 | D6: =VLOOKUP(A6,'J3'!A5:D15,2,FALSE) -> 6 | E6: =VLOOKUP(A6,'J1'!A5:D15,3,FALSE) -> 6 | F6: =VLOOKUP(A6,'J2'!A5:D15,3,FALSE) -> 8 | G6: =VLOOKUP(A6,'J3'!A6:D15,3,FALSE) -> 5 | H6: =VLOOKUP(A6,'J1'!A5:D15,4,FALSE) -> 5 | I6: =VLOOKUP(A6,'J2'!A5:D15,4,FALSE) -> 6 | J6: =VLOOKUP(A6,'J3'!A5:D15,4,FALSE) -> 8 | K6: =SUM(B6:J6) -> 58
A7: MI | B7: =VLOOKUP(A7,'J1'!A6:D16,2,FALSE) -> 8 | C7: =VLOOKUP(A7,'J2'!A6:D16,2,FALSE) -> 7 | D7: =VLOOKUP(A7,'J3'!A6:D16,2,FALSE) -> 8 | E7: =VLOOKUP(A7,'J1'!A6:D16,3,FALSE) -> 10 | F7: =VLOOKUP(A7,'J2'!A6:D16,3,FALSE) -> 5 | G7: =VLOOKUP(A7,'J3'!A7:D16,3,FALSE) -> 7 | H7: =VLOOKUP(A7,'J1'!A6:D16,4,FALSE) -> 6 | I7: =VLOOKUP(A7,'J2'!A6:D16,4,FALSE) -> 4 | J7: =VLOOKUP(A7,'J3'!A6:D16,4,FALSE) -> 6 | K7: =SUM(B7:J7) -> 61
A8: RR | B8: =VLOOKUP(A8,'J1'!A7:D17,2,FALSE) -> 7 | C8: =VLOOKUP(A8,'J2'!A7:D17,2,FALSE) -> 6 | D8: =VLOOKUP(A8,'J3'!A7:D17,2,FALSE) -> 6 | E8: =VLOOKUP(A8,'J1'!A7:D17,3,FALSE) -> 8 | F8: =VLOOKUP(A8,'J2'!A7:D17,3,FALSE) -> 7 | G8: =VLOOKUP(A8,'J3'!A8:D17,3,FALSE) -> 6 | H8: =VLOOKUP(A8,'J1'!A7:D17,4,FALSE) -> 5 | I8: =VLOOKUP(A8,'J2'!A7:D17,4,FALSE) -> 5 | J8: =VLOOKUP(A8,'J3'!A7:D17,4,FALSE) -> 7 | K8: =SUM(B8:J8) -> 57
A9: KKR | B9: =VLOOKUP(A9,'J1'!A8:D18,2,FALSE) -> 4 | C9: =VLOOKUP(A9,'J2'!A8:D18,2,FALSE) -> 4 | D9: =VLOOKUP(A9,'J3'!A8:D18,2,FALSE) -> 7 | E9: =VLOOKUP(A9,'J1'!A8:D18,3,FALSE) -> 3 | F9: =VLOOKUP(A9,'J2'!A8:D18,3,FALSE) -> 5 | G9: =VLOOKUP(A9,'J3'!A9:D18,3,FALSE) -> 4 | H9: =VLOOKUP(A9,'J1'!A8:D18,4,FALSE) -> 5 | I9: =VLOOKUP(A9,'J2'!A8:D18,4,FALSE) -> 7 | J9: =VLOOKUP(A9,'J3'!A8:D18,4,FALSE) -> 9 | K9: =SUM(B9:J9) -> 48
A10: DC | B10: =VLOOKUP(A10,'J1'!A9:D19,2,FALSE) -> 8 | C10: =VLOOKUP(A10,'J2'!A9:D19,2,FALSE) -> 9 | D10: =VLOOKUP(A10,'J3'!A9:D19,2,FALSE) -> 4 | E10: =VLOOKUP(A10,'J1'!A9:D19,3,FALSE) -> 10 | F10: =VLOOKUP(A10,'J2'!A9:D19,3,FALSE) -> 6 | G10: =VLOOKUP(A10,'J3'!A10:D19,3,FALSE) -> 6 | H10: =VLOOKUP(A10,'J1'!A9:D19,4,FALSE) -> 6 | I10: =VLOOKUP(A10,'J2'!A9:D19,4,FALSE) -> 8 | J10: =VLOOKUP(A10,'J3'!A9:D19,4,FALSE) -> 6 | K10: =SUM(B10:J10) -> 63
A11: LSG | B11: =VLOOKUP(A11,'J1'!A10:D20,2,FALSE) -> 7 | C11: =VLOOKUP(A11,'J2'!A10:D20,2,FALSE) -> 8 | D11: =VLOOKUP(A11,'J3'!A10:D20,2,FALSE) -> 8 | E11: =VLOOKUP(A11,'J1'!A10:D20,3,FALSE) -> 9 | F11: =VLOOKUP(A11,'J2'!A10:D20,3,FALSE) -> 7 | G11: =VLOOKUP(A11,'J3'!A11:D20,3,FALSE) -> 5 | H11: =VLOOKUP(A11,'J1'!A10:D20,4,FALSE) -> 10 | I11: =VLOOKUP(A11,'J2'!A10:D20,4,FALSE) -> 7 | J11: =VLOOKUP(A11,'J3'!A10:D20,4,FALSE) -> 3 | K11: =SUM(B11:J11) -> 64
A12: GT | B12: =VLOOKUP(A12,'J1'!A11:D21,2,FALSE) -> 8 | C12: =VLOOKUP(A12,'J2'!A11:D21,2,FALSE) -> 8 | D12: =VLOOKUP(A12,'J3'!A11:D21,2,FALSE) -> 6 | E12: =VLOOKUP(A12,'J1'!A11:D21,3,FALSE) -> 3 | F12: =VLOOKUP(A12,'J2'!A11:D21,3,FALSE) -> 9 | G12: =VLOOKUP(A12,'J3'!A12:D21,3,FALSE) -> 6 | H12: =VLOOKUP(A12,'J1'!A11:D21,4,FALSE) -> 7 | I12: =VLOOKUP(A12,'J2'!A11:D21,4,FALSE) -> 6 | J12: =VLOOKUP(A12,'J3'!A11:D21,4,FALSE) -> 7 | K12: =SUM(B12:J12) -> 60

Sheet J1
A1: JUDGE 1
A2: Team Name | B2: Batting | C2: Bowling | D2: Fielding
A3: RCB | B3: 8 | C3: 7 | D3: 10
A4: PBKS | B4: 9 | C4: 8 | D4: 5
A5: CSK | B5: 10 | C5: 4 | D5: 9
A6: SRH | B6: 10 | C6: 6 | D6: 5
A7: MI | B7: 8 | C7: 10 | D7: 6
A8: RR | B8: 7 | C8: 8 | D8: 5
A9: KKR | B9: 4 | C9: 3 | D9: 5
A10: DC | B10: 8 | C10: 10 | D10: 6
A11: LSG | B11: 7 | C11: 9 | D11: 10
A12: GT | B12: 8 | C12: 3 | D12: 7

Sheet J2
A1: JUDGE 2
A2: Team Name | B2: Batting | C2: Bowling | D2: Fielding
A3: RCB | B3: 8 | C3: 9 | D3: 5
A4: PBKS | B4: 5 | C4: 2 | D4: 7
A5: CSK | B5: 3 | C5: 4 | D5: 9
A6: SRH | B6: 4 | C6: 8 | D6: 6
A7: MI | B7: 7 | C7: 5 | D7: 4
A8: RR | B8: 6 | C8: 7 | D8: 5
A9: KKR | B9: 4 | C9: 5 | D9: 7
A10: DC | B10: 9 | C10: 6 | D10: 8
A11: LSG | B11: 8 | C11: 7 | D11: 7
A12: GT | B12: 8 | C12: 9 | D12: 6

Sheet J3
A1: JUDGE 3
A2: Team Name | B2: Batting | C2: Bowling | D2: Fielding
A3: RCB | B3: 8 | C3: 8 | D3: 8
A4: PBKS | B4: 5 | C4: 7 | D4: 7
A5: CSK | B5: 9 | C5: 8 | D5: 5
A6: SRH | B6: 6 | C6: 5 | D6: 8
A7: MI | B7: 8 | C7: 7 | D7: 6
A8: RR | B8: 6 | C8: 6 | D8: 7
A9: KKR | B9: 7 | C9: 4 | D9: 9
A10: DC | B10: 4 | C10: 6 | D10: 6
A11: LSG | B11: 8 | C11: 5 | D11: 3
A12: GT | B12: 6 | C12: 6 | D12: 7
